{"cameraMode":{"drawMode":0,"name":"Shaded","section":"Shading Mode"},"sceneLighting":true,"audioPlay":false,"sceneViewState":{"showFog":false,"showMaterialUpdate":false,"showSkybox":true,"showFlares":false,"showImageEffects":false,"showParticleSystems":false},"in2DMode":false,"pivot":{"x":22.008047103881837,"y":5.19732666015625,"z":15.366193771362305},"rotation":{"x":0.15373873710632325,"y":-0.6905991435050964,"z":0.15393811464309693,"w":0.689767062664032},"size":1.7018547058105469,"orthographic":false}