{"cameraMode":{"drawMode":0,"name":"Shaded","section":"Shading Mode"},"sceneLighting":true,"audioPlay":false,"sceneViewState":{"showFog":false,"showMaterialUpdate":false,"showSkybox":true,"showFlares":false,"showImageEffects":false,"showParticleSystems":false},"in2DMode":false,"pivot":{"x":-20.426347732543947,"y":13.092072486877442,"z":51.872535705566409},"rotation":{"x":-0.027824310585856439,"y":-0.9056469798088074,"z":0.0601377934217453,"w":-0.4188683331012726},"size":1.7018547058105469,"orthographic":false}